{"cameraMode":{"drawMode":0,"name":"Shaded","section":"Shading Mode"},"sceneLighting":true,"audioPlay":false,"sceneViewState":{"m_AlwaysRefresh":false,"showFog":true,"showSkybox":true,"showFlares":true,"showImageEffects":true,"showParticleSystems":true,"showVisualEffectGraphs":true,"m_FxEnabled":true},"in2DMode":false,"pivot":{"x":7.476423740386963,"y":-0.5982373356819153,"z":-21.118009567260743},"rotation":{"x":-0.000029248125429148786,"y":0.9998087882995606,"z":-0.001499714213423431,"w":-0.01949874497950077},"size":5.619223594665527,"orthographic":true}